date,log_RV,volume_day
2023-01-03,-8.874289664639987,50870
2023-01-04,-8.518717139706542,58402
2023-01-05,-8.341432888005285,54066
2023-01-06,-9.010458383629796,45786
2023-01-09,-8.520255231216778,79796
2023-01-10,-8.68779817021248,78760
2023-01-11,-8.222873136930607,120083
2023-01-12,-8.812298705336895,89136
2023-01-13,-7.761891225135016,125825
2023-01-16,-8.303150020497597,92822
2023-01-17,-8.961942170192646,90334
2023-01-18,-8.295859745226377,109922
2023-01-19,-8.381987005813231,101828
2023-01-20,-8.667092113984072,82155
2023-01-23,-8.745921028780469,88021
2023-01-24,-8.94267812923574,93157
2023-01-25,-8.921329895310569,91463
2023-01-26,-8.846574706843187,98984
2023-01-27,-9.158877136410004,64961
2023-01-30,-9.233019052554464,84594
2023-01-31,-9.11625353333462,98588
2023-02-01,-8.610704408262434,93700
2023-02-02,-9.044887763222713,91555
2023-02-03,-8.573319625230999,105431
2023-02-06,-8.705968573380801,86776
2023-02-07,-8.76750065636482,91969
2023-02-08,-8.52571225667199,107556
2023-02-09,-8.386470562906934,128189
2023-02-10,-8.779902645156975,79779
2023-02-13,-9.174572429576724,86222
2023-02-14,-8.53734905791228,104661
2023-02-15,-7.886644204717097,146670
2023-02-16,-7.892729603342381,116899
2023-02-17,-8.201148830881321,112854
2023-02-20,-8.41961515041638,110478
2023-02-21,-8.085383663147333,141570
2023-02-22,-8.848883180193884,87117
2023-02-24,-8.260279951453215,94804
2023-02-27,-8.354448579420547,128368
2023-02-28,-8.44308283970335,95741
2023-03-01,-8.746712285513011,96074
2023-03-02,-8.34399683914316,142219
2023-03-03,-8.827530816085257,81709
2023-03-06,-9.095006971412078,85730
2023-03-07,-9.281026611034678,75959
2023-03-09,-8.810936913650366,91574
2023-03-10,-9.219531604094083,71268
2023-03-13,-8.466825032516077,108540
2023-03-14,-9.123503300686307,76836
2023-03-15,-8.109066306342207,35527
2023-03-16,-8.53059546884729,105216
2023-03-17,-8.43390289405615,151478
2023-03-20,-8.246151829192108,129819
2023-03-21,-7.830059036318697,129796
2023-03-22,-8.241898547245057,107696
2023-03-23,-8.843277218121036,104913
2023-03-24,-8.973424400080917,86394
2023-03-27,-9.160644579737395,101652
2023-03-28,-9.05123794546878,90210
2023-03-29,-8.79815815947854,103286
2023-03-30,-9.372128706667931,101777
2023-03-31,-8.912930039327886,140728
2023-04-03,-8.78499653952876,106644
2023-04-04,-8.714788799885435,92204
2023-04-05,-8.979822647689994,92118
2023-04-06,-9.006483886581538,114772
2023-04-07,-8.225952086342197,152611
2023-04-10,-9.04744004925047,104117
2023-04-11,-8.550481156601046,137115
2023-04-12,-8.827882767829646,104603
2023-04-13,-9.183331856095451,94369
2023-04-14,-9.329998576717488,93872
2023-04-17,-9.217980368992269,116325
2023-04-18,-9.009506575770189,97569
2023-04-19,-8.376494411796386,151081
2023-04-20,-8.614651561344468,139753
2023-04-21,-9.017586277437903,88060
2023-04-24,-9.34056993266713,79661
2023-04-25,-9.482060616096112,77680
2023-04-26,-9.49905454271762,85576
2023-04-27,-9.99002470547584,95678
2023-04-28,-8.849269147770215,131426
2023-05-02,-8.764756520228477,122082
2023-05-03,-8.330375680597195,154818
2023-05-04,-8.799464882047019,125910
2023-05-05,-8.38344560426675,145242
2023-05-08,-8.878463936799763,83273
2023-05-10,-8.005972242308534,189796
2023-05-11,-7.367114644657716,243350
2023-05-12,-7.850411867311632,153969
2023-05-15,-8.515331785818477,125068
2023-05-16,-8.725461992361197,132886
2023-05-17,-8.660801674536042,150195
2023-05-18,-8.385098893622958,153894
2023-05-19,-8.999827675480052,103143
2023-05-22,-9.033373489887104,90126
2023-05-23,-8.19008745155543,152179
2023-05-24,-9.064373483699738,98082
2023-05-25,-9.45388525726414,87087
2023-05-26,-9.673350663142855,92650
2023-05-29,-8.88494568353699,99445
2023-05-30,-8.364936058674633,146331
2023-05-31,-8.983210917858688,108483
2023-06-01,-9.226334112299028,91147
2023-06-02,-9.137789075250232,102818
2023-06-05,-8.558033324108445,142550
2023-06-06,-8.51154227447672,172902
2023-06-07,-9.055944474217169,113718
2023-06-08,-9.194145076273996,93257
2023-06-09,-9.194540005779183,97024
2023-06-13,-9.39043309561809,107461
2023-06-14,-9.58917511833408,43338
2023-06-15,-9.412920199767216,104044
2023-06-16,-9.583764364039965,87217
2023-06-19,-9.394024860745148,87557
2023-06-20,-9.367124655292576,104842
2023-06-21,-9.49581335715183,121868
2023-06-22,-9.629232139060212,79976
2023-06-23,-7.923536423915614,173270
2023-06-26,-7.093251849938013,226349
2023-06-27,-9.21519026946491,90967
2023-06-28,-9.152409047618232,95140
2023-06-29,-8.92062516252795,117026
2023-06-30,-8.716325087975052,145215
2023-07-03,-8.738222005867753,103263
2023-07-04,-8.862058442291351,118570
2023-07-05,-9.18471193792798,94537
2023-07-06,-8.238213949056995,137293
2023-07-07,-9.215255156636504,68837
2023-07-10,-9.462206933282898,84667
2023-07-11,-9.50134845357502,83623
2023-07-12,-9.207788232123582,90346
2023-07-13,-9.091816345591091,93825
2023-07-14,-9.470924435638928,68872
2023-07-17,-9.01263533719678,99448
2023-07-18,-9.467796380031537,77442
2023-07-19,-9.49276810584779,66065
2023-07-20,-9.310458006352166,94209
2023-07-21,-9.117773644962051,94454
2023-07-24,-9.955096797941044,63405
2023-07-25,-10.259638841345456,67505
2023-07-26,-9.51537854700226,56788
2023-07-27,-10.006865778063446,65441
2023-07-28,-9.859895617641197,63173
2023-07-31,-9.156961164488742,98246
2023-08-01,-9.19841962780823,94903
2023-08-02,-8.732383579867438,113491
2023-08-03,-8.850690943921796,97500
2023-08-04,-7.511867596851484,208551
2023-08-07,-8.21892047456777,119641
2023-08-08,-8.513431409950593,110580
2023-08-09,-9.109574757227676,88955
2023-08-10,-9.39205102578981,82037
2023-08-11,-9.370099741986206,83407
2023-08-14,-8.274701727310388,150510
2023-08-15,-8.094522612406614,147974
2023-08-16,-8.54545375075351,138740
2023-08-17,-9.189386671473354,110282
2023-08-18,-9.402920400896024,89193
2023-08-21,-8.994001059921096,93492
2023-08-22,-8.60565556439759,102720
2023-08-23,-8.466063121162597,135592
2023-08-24,-8.964819533908745,79847
2023-08-25,-9.52586373583103,85677
2023-08-28,-9.8196745667905,75939
2023-08-29,-9.306677825247528,93941
2023-08-30,-9.271194485471828,70486
2023-08-31,-10.080196838812212,63345
2023-09-01,-9.91970244359779,66681
2023-09-04,-9.76997636142424,66475
2023-09-05,-9.057766802921169,98926
2023-09-06,-9.073578162865534,83596
2023-09-07,-8.358425868501856,169265
2023-09-08,-8.474022054473599,113298
2023-09-11,-8.85332926607457,99508
2023-09-12,-9.085554463784666,101887
2023-09-13,-8.588838219140445,67672
2023-09-14,-8.341391736732632,145974
2023-09-15,-8.593397600583456,104075
2023-09-18,-9.680205748899043,64135
2023-09-19,-8.47008800234158,122204
2023-09-20,-7.17939827852611,44841
2023-09-21,-8.562919277275677,118362
2023-09-22,-8.395930966562013,106670
2023-09-25,-9.11745571005194,74770
2023-09-26,-9.507254672199227,75161
2023-09-27,-9.810159886319116,69942
2023-09-28,-9.707663912648458,72704
2023-09-29,-9.36763722626074,100493
2023-10-02,-9.690812693802735,78336
2023-10-03,-9.121295891519711,75712
2023-10-04,-9.4387394952171,65281
2023-10-05,-9.417247899290214,69248
2023-10-06,-8.95552880947635,76836
2023-10-09,-8.877695838666046,104224
2023-10-10,-9.348368453285609,62453
2023-10-11,-8.779434786737772,78717
2023-10-12,-9.42626778938245,68472
2023-10-13,-9.504946920377996,66613
2023-10-16,-10.19661389621409,58901
2023-10-17,-9.440761185731793,59245
2023-10-18,-9.007849062350866,77148
2023-10-19,-9.663294091370837,59938
2023-10-20,-9.467859017797425,72825
2023-10-23,-9.607017222880708,61907
2023-10-24,-9.616093874818931,57107
2023-10-25,-9.220597974645184,67251
2023-10-26,-9.053416254639268,93349
2023-10-27,-8.94648808405446,95797
2023-10-30,-9.262799185366626,65404
2023-10-31,-8.886747714080789,92445
2023-11-01,-9.47701463266716,61802
2023-11-02,-9.279888464556652,55638
2023-11-03,-9.533698505020508,55898
2023-11-06,-9.77416921798238,42097
2023-11-07,-9.81599716775734,49470
2023-11-08,-9.705277023922802,57549
2023-11-09,-9.783747412043342,64129
2023-11-10,-9.805070673647572,50975
2023-11-13,-9.8271743068859,62559
2023-11-14,-9.308216372968817,63824
2023-11-15,-9.585576205686465,72989
2023-11-16,-9.404561701069326,65675
2023-11-17,-9.009552221636142,63055
2023-11-20,-9.38799035914308,70544
2023-11-21,-9.35424244698447,54233
2023-11-22,-9.540615274031738,56239
2023-11-23,-9.449268879748765,52305
2023-11-24,-9.148951132374666,79120
2023-11-27,-9.094548587737371,70827
2023-11-28,-9.373265728118811,51471
2023-11-29,-9.177345800251096,70963
2023-11-30,-9.233409192874014,82947
2023-12-01,-9.459528408849868,66065
2023-12-04,-8.854326813912307,73459
2023-12-05,-8.9740694920134,76786
2023-12-06,-8.188086270434656,125216
2023-12-07,-8.080512055782707,92485
2023-12-08,-8.798600982481062,76909
2023-12-11,-8.686361065903247,91537
2023-12-12,-8.691891101402321,89322
2023-12-13,-9.05873063735504,73132
2023-12-14,-8.832390252126105,95257
2023-12-15,-8.169291271303495,99270
2023-12-18,-8.960548765617796,74979
2023-12-19,-9.029416271197578,70566
2023-12-20,-7.788328320464911,17059
2023-12-21,-8.883125259365043,64738
2023-12-22,-9.57602511938718,53498
2023-12-25,-9.751422952183336,49851
2023-12-26,-9.98855901577381,43483
2023-12-27,-9.824330228575109,44921
2023-12-28,-9.2605046436372,68623
2023-12-29,-9.60107956147379,44101
2024-01-03,-10.041269595552162,30921
2024-01-04,-10.167306776322857,32621
2024-01-05,-10.645628670015784,25491
2024-01-08,-9.765858732273175,41752
2024-01-09,-9.864624191852714,46162
2024-01-10,-9.798787424434105,36852
2024-01-11,-9.842553681674149,44384
2024-01-12,-9.863797521623974,45659
2024-01-15,-9.60245940454071,48673
2024-01-16,-9.341065617767503,62165
2024-01-17,-9.479656372772112,62211
2024-01-18,-9.767418998897222,47378
2024-01-19,-9.800904791412092,45502
2024-01-22,-10.10577171308912,38616
2024-01-23,-9.895504481942702,49342
2024-01-24,-9.485864078166308,50585
2024-01-25,-9.593530244405104,53214
2024-01-26,-10.03989859686849,42401
2024-01-29,-9.673146014195002,54300
2024-01-30,-9.673073587050236,41170
2024-01-31,-9.480991912315298,59614
2024-02-01,-9.7202642138357,50608
2024-02-02,-9.824319048182574,54684
2024-02-05,-9.497233825242828,59295
2024-02-06,-10.34310311763077,32559
2024-02-07,-10.011937100245689,51956
2024-02-08,-9.58138963854151,56221
2024-02-09,-9.730302126157238,46009
2024-02-12,-9.972536456792405,55892
2024-02-13,-10.0906210822646,55726
2024-02-14,-10.18556274207785,53988
2024-02-15,-9.738498819955476,64918
2024-02-16,-9.478869102788297,69930
2024-02-19,-9.60067954509524,56603
2024-02-20,-9.728285843180217,67407
2024-02-21,-8.566098123252619,89840
2024-02-22,-8.674796183169034,78467
2024-02-26,-8.479308756750799,77538
2024-02-27,-10.170262277628945,41525
2024-02-28,-9.946630057716192,66145
2024-02-29,-9.90221814494121,60276
2024-03-01,-9.99579893790469,40941
2024-03-04,-9.951791721496273,53724
2024-03-05,-10.324331220504448,44474
2024-03-06,-9.776915924324983,60340
2024-03-07,-9.896662782720762,48347
2024-03-11,-10.262199863219417,53092
2024-03-12,-9.984195357920347,69912
2024-03-13,-9.54416032545918,71259
2024-03-14,-9.648072736675514,73121
2024-03-15,-9.668545389698052,69541
2024-03-18,-9.681408591639686,53219
2024-03-19,-9.304955864771092,72590
2024-03-20,-8.560947511940924,29249
2024-03-21,-9.373407044067768,68294
2024-03-22,-8.909168055075781,97959
2024-03-25,-9.08820430353837,76350
2024-03-26,-9.8733283817324,47448
2024-03-27,-10.087878159032332,64358
2024-03-28,-10.124696306334164,46087
2024-03-29,-10.167238125914288,48534
2024-04-01,-9.978822129213556,46807
2024-04-02,-10.206989548509888,44051
2024-04-03,-10.44641414500489,47846
2024-04-04,-10.145426200644724,46750
2024-04-05,-10.381656588685024,46359
2024-04-08,-10.266197321972708,41025
2024-04-09,-10.035516082738788,58478
2024-04-10,-9.604936608552617,66143
2024-04-11,-9.65170719948975,48463
2024-04-12,-9.99091900410886,51978
2024-04-15,-9.930347590597924,44075
2024-04-16,-9.84187286637131,57665
2024-04-17,-9.933056594821258,56043
2024-04-18,-9.97622997552421,58201
2024-04-19,-9.742303804889223,59829
2024-04-22,-10.202797697585815,44748
2024-04-23,-9.413688453929868,73891
2024-04-24,-9.292985725033194,65538
2024-04-25,-9.735654615167451,65652
2024-04-26,-9.333491109127648,69979
2024-04-27,-10.840982680470054,22064
2024-04-29,-10.100517120728904,32302
2024-04-30,-10.07929107080946,30007
2024-05-02,-9.673250964404296,52984
2024-05-03,-9.77862286314823,37027
2024-05-06,-9.818263408563876,60087
2024-05-07,-10.070819258966427,53513
2024-05-08,-10.08646210512338,38812
2024-05-10,-10.707021039523951,29653
2024-05-13,-10.186056315873053,53187
2024-05-14,-10.444688312351923,38490
2024-05-15,-10.486557783017671,50856
2024-05-16,-10.659536148182063,48345
2024-05-17,-10.650227308195694,91233
2024-05-20,-9.0956086608669,98535
2024-05-21,-9.042928857290628,87369
2024-05-22,-9.633526516853124,45717
2024-05-23,-9.36386264089458,63366
2024-05-24,-9.063728931159169,99126
2024-05-27,-8.768642985873933,81648
2024-05-28,-8.588595019609023,94980
2024-05-29,-8.967546035198788,82304
2024-05-30,-8.705090501797962,104065
2024-05-31,-8.171921629686544,110699
2024-06-03,-7.535586760787324,182474
2024-06-04,-8.511972137078363,90589
2024-06-05,-8.808565828657235,105133
2024-06-06,-8.661560211273567,100707
2024-06-07,-8.226990374118612,112016
2024-06-10,-8.99917846923308,85883
2024-06-11,-8.539086743695753,106411
2024-06-13,-7.56603119387285,70671
2024-06-14,-8.859726290733455,68489
2024-06-17,-8.981547489249326,51585
2024-06-18,-8.606858612309718,58804
2024-06-19,-7.799000785759107,38069
2024-06-20,-7.106116590224914,86398
2024-06-21,-8.092454758089584,66819
2024-06-24,-8.673331240789473,53253
2024-06-25,-8.775328722498747,57152
2024-06-26,-9.07825688375016,67815
2024-06-27,-8.894800435958237,57551
2024-06-28,-9.198214035135424,48571
2024-07-01,-9.344453776558694,47733
2024-07-02,-9.5245050704345,43847
2024-07-03,-9.471278698183676,52234
2024-07-04,-8.73703592123546,71944
2024-07-05,-8.23478199631925,78644
2024-07-08,-8.76158391270719,51359
2024-07-09,-8.988689528390864,63490
2024-07-10,-8.503579912357054,104900
2024-07-11,-8.033071283067098,102838
2024-07-12,-8.125210952877566,99305
2024-07-15,-7.875638649978084,91250
2024-07-16,-7.48504647838035,140443
2024-07-17,-8.468730300397656,82993
2024-07-18,-8.732005097492285,75904
2024-07-19,-8.877141190799332,71014
2024-07-22,-8.63925875748422,63047
2024-07-23,-8.88251464840526,58144
2024-07-24,-9.91067729648564,52820
2024-07-25,-9.18686274570056,67691
2024-07-26,-8.084891724837682,99668
2024-07-29,-8.651136989543767,85160
2024-07-30,-8.625117264830465,68135
2024-07-31,-8.684692980421293,78081
2024-08-01,-9.039155998884302,59601
2024-08-02,-8.63852945247829,73398
2024-08-05,-7.882080180892616,95999
2024-08-06,-8.20891488503205,80417
2024-08-07,-8.147541363592667,99982
2024-08-08,-9.027553433097593,71875
2024-08-09,-8.768269456964806,55940
2024-08-12,-8.660381910607738,82143
2024-08-13,-8.5867971975978,63980
2024-08-14,-8.358158874654123,75004
2024-08-15,-8.854085510136509,73732
2024-08-16,-9.146755523197308,62731
2024-08-19,-8.665003329838102,81620
2024-08-20,-8.283319656859481,82392
2024-08-21,-8.589955500404429,89275
2024-08-22,-8.450646361042226,101404
2024-08-23,-8.10523322377256,106229
2024-08-26,-7.181705195426558,96379
2024-08-27,-8.203826782273065,92602
2024-08-28,-7.830297273340855,122008
2024-08-29,-7.70161158485596,128549
2024-08-30,-8.124890556855876,122247
2024-09-02,-7.748667805524587,126890
2024-09-03,-7.469565005837086,160834
2024-09-04,-8.149905924721837,95617
2024-09-05,-8.55604989458793,90898
2024-09-06,-8.172547733269685,79765
2024-09-09,-8.847121897857363,70618
2024-09-10,-8.408206354773142,84344
2024-09-11,-8.772883347322862,72294
2024-09-12,-8.741367846858113,75590
2024-09-13,-7.816241091113401,121306
2024-09-16,-8.546054378751004,78090
2024-09-17,-8.604184121847771,71900
2024-09-18,-7.490050339049481,25968
2024-09-19,-8.8639299154854,68193
2024-09-20,-9.236249817832114,66593
2024-09-23,-9.288299300364397,55063
2024-09-24,-8.788846011631783,80497
2024-09-25,-8.425316528925514,86302
2024-09-26,-8.728031167486801,91222
2024-09-27,-9.68106183742134,39453
2024-09-30,-8.763129501087224,69398
2024-10-01,-8.272177763718217,73984
2024-10-02,-8.954309862266143,80970
2024-10-03,-7.929292382353623,109788
2024-10-04,-8.677040331717174,67175
2024-10-07,-8.51002888735935,67243
2024-10-08,-8.406038779935518,78198
2024-10-09,-8.831494827123567,94523
2024-10-10,-8.807157043864622,85566
2024-10-11,-9.03113359203216,64452
2024-10-14,-8.751611468384162,76668
2024-10-15,-8.836524373035946,57628
2024-10-16,-9.067718238827052,56661
2024-10-17,-9.154787863319596,66099
2024-10-18,-9.01942996708993,65523
2024-10-21,-9.706601198637792,41474
2024-10-22,-9.159050225695132,61139
2024-10-23,-9.102730426691856,63486
2024-10-24,-9.118686914543728,55223
2024-10-25,-7.797228423174411,141846
2024-10-28,-7.408422707762173,118445
2024-10-29,-7.5487276106701,124333
2024-10-30,-8.426981478856012,92994
2024-10-31,-7.8730608396828545,114252
2024-11-01,-8.48500639024912,83879
2024-11-02,-9.617621077500107,29662
2024-11-05,-8.892486473862597,59184
2024-11-06,-6.794611520690276,107483
2024-11-07,-8.408535547620902,92094
2024-11-08,-8.02161096411797,107034
2024-11-11,-8.25988378581323,92195
2024-11-12,-8.305474467870587,81330
2024-11-13,-8.415659918871704,88090
2024-11-14,-8.70247939073963,86472
2024-11-15,-8.236453885969583,86737
2024-11-18,-7.124292709821669,94530
2024-11-19,-8.067836957667803,125926
2024-11-20,-7.619706683017606,141787
2024-11-21,-7.274129748164404,176862
2024-11-22,-7.66497658559584,136379
2024-11-25,-7.7443502630202365,174032
2024-11-26,-7.084647514433146,225640
2024-11-27,-6.474352777671836,330514
2024-11-28,-6.99628953791389,194094
2024-11-29,-8.0063977755052,134158
2024-12-02,-7.962731348432542,103324
2024-12-03,-8.14289188239493,115479
2024-12-04,-7.488581891047806,188278
2024-12-05,-7.071053247944786,235251
2024-12-06,-7.275477648311922,157747
2024-12-09,-8.17144890403993,112340
2024-12-10,-7.838205840222018,122191
2024-12-11,-7.642417716410643,151261
2024-12-12,-7.791963707612186,163898
2024-12-13,-8.173601103394963,103842
2024-12-16,-7.851191320087682,122219
2024-12-17,-8.337100933352543,101689
2024-12-18,-5.3198817879246345,45474
2024-12-19,-5.935800867136656,107868
2024-12-20,-6.112332086926871,218859
2024-12-23,-6.956024222814056,161298
2024-12-24,-8.133998156055993,105002
2024-12-25,-8.2070357917436,124700
2024-12-26,-8.275369084491857,123624
2024-12-27,-8.38221753434954,96176
2024-12-28,-8.530363451466911,61807
2024-12-30,-8.217866838853508,80573
2025-01-03,-7.7718061828449985,66125
2025-01-06,-8.117737978006602,67333
2025-01-08,-8.806287345922684,58102
2025-01-09,-8.274200302949287,118032
2025-01-10,-7.593248192327896,132008
2025-01-13,-7.9756983792600495,103822
2025-01-14,-8.522200425605362,88609
2025-01-15,-7.912487969672553,100031
2025-01-16,-8.553253624525622,103580
2025-01-17,-8.631563656575722,88721
2025-01-20,-7.670439019516839,130582
2025-01-21,-8.157268689643793,127161
2025-01-22,-8.190362191564349,116375
2025-01-23,-8.08362065902836,117975
2025-01-24,-8.54059426137815,102437
2025-01-27,-8.202599125046385,100232
2025-01-28,-8.180196453941424,102369
2025-01-29,-8.508567516746306,81526
2025-01-30,-8.685627380556623,92816
2025-01-31,-8.314984664278187,117684
2025-02-03,-8.015140114311402,98897
2025-02-04,-8.78333681770054,76075
2025-02-05,-8.276730871094406,140389
2025-02-06,-8.56236376246572,101565
2025-02-07,-8.629794681248198,75785
2025-02-10,-8.635612669267054,76778
2025-02-11,-8.537974005530357,120613
2025-02-12,-6.6541993170819165,207320
2025-02-13,-6.262315438392957,170991
2025-02-14,-6.644022533223467,279876
2025-02-17,-7.187790659445136,197960
2025-02-18,-6.743932304206768,238469
2025-02-19,-7.509117796895556,147261
2025-02-20,-7.564328740840652,158694
2025-02-21,-7.7515319821606115,148070
2025-02-24,-7.751105055385443,142656
2025-02-25,-8.175975419313309,131003
2025-02-26,-6.941740672063218,251953
2025-02-27,-6.835744987927864,248748
2025-02-28,-6.667457977453158,230946
2025-03-03,-6.47474825788646,221914
2025-03-04,-7.222097606997163,152142
2025-03-05,-7.243459863806672,164999
2025-03-06,-7.617194594485251,135137
2025-03-07,-6.988873753627585,189941
2025-03-10,-7.90094934374057,102986
2025-03-11,-7.357795975025805,163381
2025-03-12,-7.913232794472366,114933
2025-03-13,-6.74277320037748,209305
2025-03-14,-7.7868935234217105,124517
2025-03-17,-7.562674392691903,123882
2025-03-18,-6.737440108247611,185325
2025-03-19,-7.425315334488415,49002
2025-03-20,-8.537333056123593,83198
2025-03-21,-7.919572457996505,98633
2025-03-24,-7.709506929236024,90736
2025-03-25,-7.532757847061853,102616
2025-03-26,-8.416007555192866,81014
2025-03-27,-8.236044377260592,102575
2025-03-28,-7.816679692794596,156854
2025-03-31,-7.516082216487853,120002
2025-04-01,-7.642060018564275,144915
2025-04-02,-7.388790168883576,120871
2025-04-03,-7.219184188070196,202827
2025-04-04,-6.5875264936009685,188733
2025-04-07,-5.503937573885505,216221
2025-04-08,-6.92836458483907,137595
2025-04-09,-6.163997706549339,235300
2025-04-10,-6.529471916960799,189827
2025-04-11,-7.049693073347015,149324
2025-04-14,-7.6589196105178035,98044
2025-04-15,-7.522737942744633,89951
2025-04-16,-7.584677568207353,111298
2025-04-17,-7.536143377526034,127303
2025-04-18,-6.958417421066169,168860
2025-04-21,-7.80970679980362,90677
2025-04-22,-7.366636111405314,139287
2025-04-23,-7.175547621695882,154818
2025-04-24,-8.03357864619097,80813
2025-04-25,-7.907198931344244,101897
2025-04-28,-6.934015142862523,119525
2025-04-29,-7.815929035398071,99010
2025-04-30,-7.567043521727084,112071
2025-05-02,-7.361968919498149,84044
2025-05-05,-7.657159005647702,104829
2025-05-06,-7.681060833120422,110316
2025-05-07,-7.584356051135928,104357
2025-05-08,-8.210102118226738,84252
2025-05-12,-6.366990991744119,93219
2025-05-13,-8.709060268487196,73993
2025-05-14,-7.583861212595649,89250
2025-05-15,-7.736979498888663,127018
2025-05-16,-7.266613134631707,126732
2025-05-19,-7.908430789419503,103637
2025-05-20,-8.620287814174334,71490
2025-05-21,-8.605103349447715,78297
2025-05-22,-7.923518191136152,116019
2025-05-23,-8.494139625721287,70550
2025-05-26,-7.71606429759309,77670
2025-05-27,-8.401446127908626,68248
2025-05-28,-8.399852122783223,100235
2025-05-29,-8.079527273840592,98066
2025-05-30,-8.406344614442508,74534
2025-06-02,-7.603961688519216,104251
2025-06-03,-8.275609479809473,69340
2025-06-04,-7.995655442346612,107978
2025-06-05,-8.360526404280728,81842
2025-06-06,-6.824435768316723,172160
2025-06-09,-8.288568300494754,87168
2025-06-10,-8.451424009708374,74029
2025-06-11,-8.238736138484622,89429
2025-06-13,-8.117221183831788,73818
2025-06-16,-8.527295387148724,59664
2025-06-17,-8.942823006649986,72118
2025-06-18,-7.476242449167113,26914
2025-06-19,-8.954960697024227,63664
2025-06-20,-8.996963282792928,47442
2025-06-23,-8.569023647655277,58130
2025-06-24,-8.479956457611046,81216
2025-06-25,-8.894407406398019,63498
2025-06-26,-8.911419250572015,46487
2025-06-27,-9.00979876770397,65323
2025-06-30,-8.853444537756628,49644
2025-07-01,-8.830369277769858,51596
2025-07-02,-8.545200443052968,75534
2025-07-03,-8.32153743182996,82170
2025-07-04,-8.977383516214708,51980
2025-07-07,-8.87034381004427,57831
2025-07-08,-8.747232924627133,64254
2025-07-09,-8.69962805983977,72721
2025-07-10,-8.746786220300852,61286
2025-07-11,-8.163240846872313,85446
2025-07-14,-7.248994086973117,111598
2025-07-15,-8.942058442325697,56343
2025-07-16,-9.02267224368284,55168
2025-07-17,-9.119083577277308,55426
2025-07-18,-8.633295081224594,66407
2025-07-21,-8.202002700870569,56574
2025-07-22,-9.194607376180006,44661
2025-07-23,-9.207543394340538,51189
2025-07-24,-8.83571427741551,65361
2025-07-25,-8.411897730171432,96531
2025-07-28,-7.916690982975841,96312
2025-07-29,-7.729190642603726,86442
2025-07-30,-8.516260495971038,58006
2025-07-31,-8.368983955151998,86904
2025-08-01,-8.526748203394293,54878
2025-08-04,-8.91390487188913,60611
2025-08-05,-8.718373636744557,60502
2025-08-06,-6.967791460033409,174369
2025-08-07,-7.4959755874821745,137483
2025-08-08,-8.272561352541995,88719
2025-08-11,-8.154991585255605,71765
2025-08-12,-9.084289377623977,47999
2025-08-13,-9.068731732161895,54851
2025-08-14,-8.635323920434976,75609
2025-08-15,-9.280619301741083,44053
2025-08-16,-7.886528424689557,10758
2025-08-17,-9.992814443583566,5523
2025-08-18,-7.755534220739328,100196
2025-08-19,-8.96446212808003,50217
2025-08-20,-9.062047658521925,49359
2025-08-21,-8.925943124214056,87645
2025-08-22,-8.722326817411096,73805
2025-08-23,-10.732806687996025,2784
2025-08-24,-11.779222886177395,2095
2025-08-25,-8.932717277711,73574
2025-08-26,-9.208435660983904,53289
2025-08-27,-9.193059309630865,56427
2025-08-28,-8.749053109773403,70787
2025-08-29,-8.92371451804752,52393
2025-08-30,-11.242813977889954,1470
2025-08-31,-11.662425464599552,2761
2025-09-01,-9.305330409584036,48205
2025-09-02,-8.781831747751843,70900
2025-09-03,-9.03046190810086,58216
2025-09-04,-9.119130693362468,62460
2025-09-05,-9.458611803546106,39243
2025-09-06,-11.857771384831686,1583
2025-09-07,-11.48346347639233,3373
2025-09-08,-9.640614349274149,48104
2025-09-09,-9.196189213546392,60411
2025-09-10,-8.80248434235287,77996
2025-09-11,-8.599465914264389,75258
2025-09-12,-7.915317609920184,96306
2025-09-13,-11.443981037825775,953
2025-09-14,-9.722068343807782,5420
2025-09-15,-8.807032687985492,54932
2025-09-16,-8.252235968791489,86154
2025-09-17,-8.919141908226361,28585
2025-09-18,-8.516582810633835,55529
2025-09-19,-8.404074042318275,73427
2025-09-22,-7.959451704831123,92916
2025-09-23,-7.834129895997618,88312
2025-09-24,-7.951358120828322,120386
2025-09-25,-8.660033962394085,66405
2025-09-26,-8.258020621708631,75352
2025-09-27,-10.329638055158828,2017
2025-09-28,-11.075009309728712,1210
2025-09-29,-8.266328199882267,80218
2025-09-30,-7.963097421506173,94131
2025-10-01,-7.938926774101509,89775
2025-10-02,-7.957704625432058,90693
2025-10-03,-8.256948278457658,95639
2025-10-04,-9.41959237543097,6052
2025-10-05,-8.935195793846269,7363
2025-10-06,-7.656562550965668,144929
2025-10-07,-8.485977789109654,77208
2025-10-08,-7.778607242093518,135644
2025-10-09,-7.344579815870747,193715
2025-10-10,-7.511615488239659,122054
2025-10-11,-9.526588766545611,3931
2025-10-12,-10.370151073824902,1523
2025-10-13,-7.632706937302245,115534
2025-10-14,-8.123830259726148,85656
2025-10-15,-8.202529622309662,94538
2025-10-16,-6.598630536931541,216232
2025-10-17,-7.37361765943604,124351
2025-10-18,-9.816247417016651,3041
2025-10-19,-10.221608985422945,2971
2025-10-20,-8.128709140543132,64471
2025-10-21,-6.733880807518881,157015
2025-10-22,-7.011644011145376,133064
2025-10-23,-7.372285302063021,85937
2025-10-24,-8.191454189124958,101788
2025-10-27,-7.724516742473285,97042
2025-10-28,-7.787918021387222,93895
2025-10-29,-8.671418498667244,74555
2025-10-30,-8.716458277883447,61646
2025-10-31,-8.321048746193263,75682
2025-11-01,-9.531088859015735,24096
2025-11-03,-8.671170448579234,41911
2025-11-05,-8.10328125345992,84568
2025-11-06,-8.88642632104764,44684
2025-11-07,-8.42142644614942,64762
2025-11-08,-11.736664910941986,894
2025-11-09,-11.038254376597637,2318
2025-11-10,-8.997595114591316,58642
2025-11-11,-8.724615177018707,59440
2025-11-12,-8.868210942407138,55077
2025-11-13,-8.94156487747457,57982
2025-11-14,-8.942901993133493,60509
2025-11-15,-11.0370183146138,1850
2025-11-16,-11.130023248207356,2309
2025-11-17,-8.54646679696609,45770
2025-11-18,-7.611684478286254,111736
2025-11-19,-7.196054188285443,161288
2025-11-20,-7.00788653769051,130398
2025-11-21,-7.702368960602763,94742
2025-11-24,-7.968287875934427,84461
2025-11-25,-7.299326797955272,119837
2025-11-26,-9.074755601544895,42698
2025-11-27,-8.453386731705749,73620
2025-11-28,-8.364923988484392,173290
2025-11-29,-11.526602494341338,1369
2025-11-30,-10.677425651241643,2575
2025-12-01,-8.220754011736844,82236
2025-12-02,-7.846074944692236,74051
2025-12-03,-7.873709116555821,87392
2025-12-04,-8.557143239496897,72952
2025-12-05,-8.4592136969998,84517
2025-12-08,-8.44072796825711,76933
2025-12-09,-8.392941676315301,79514
2025-12-10,-8.660612938814728,60663
2025-12-11,-8.026059464925957,110744
2025-12-12,-8.585494673441913,61781
2025-12-13,-11.06179432016616,954
2025-12-14,-11.17304042680677,1871
2025-12-15,-8.345178571645073,73148
2025-12-16,-8.925641555458359,47382
2025-12-17,-8.51818018873035,36442
2025-12-18,-8.91721552964399,71314
2025-12-19,-8.142856972334792,88042
2025-12-20,-10.49634851095474,2908
2025-12-21,-11.184824008579364,1280
2025-12-22,-8.585453342575812,71921
2025-12-23,-8.706252772156885,57700
2025-12-24,-8.512135003758019,58695
2025-12-25,-9.262922415306928,39671
2025-12-26,-8.742261024018507,57337
2025-12-27,-11.325873155099124,2003
2025-12-28,-10.427049851837785,3442
2025-12-29,-7.808298822624023,96907
2025-12-30,-8.888660826349923,51437
2026-01-05,-8.345914467137188,41675
2026-01-06,-9.249660236116718,29244
